ssim_id^time_zone
AD^Europe/Andorra
AE^Asia/Dubai
AF^Asia/Kabul
AG^America/Antigua
AI^America/Anguilla
AL^Europe/Tirane
AM^Asia/Yerevan
AO^Africa/Luanda
AQ^Antarctica/Palmer
AR^America/Argentina/Cordoba
AS^Pacific/Pago_Pago
AT^Europe/Vienna
AU1^Australia/Lord_Howe
AU2^Australia/Brisbane
AU3^Australia/Darwin
AU4^Australia/Perth
AW^America/Aruba
AX^Europe/Mariehamn
AZ^Asia/Baku
BA^Europe/Sarajevo
BB^America/Barbados
BD^Asia/Dhaka
BE^Europe/Brussels
BF^Africa/Ouagadougou
BG^Europe/Sofia
BH^Asia/Bahrain
BI^Africa/Bujumbura
BJ^Africa/Porto-Novo
BL^America/St_Barthelemy
BM^Atlantic/Bermuda
BN^Asia/Brunei
BO^America/La_Paz
BQ^America/Kralendijk
BR1^America/Sao_Paulo
BR2^America/Cuiaba
BR3^America/Eirunepe
BR4^America/Noronha
BS^America/Nassau
BT^Asia/Thimphu
BW^Africa/Gaborone
BY^Europe/Minsk
BZ^America/Belize
CA1^America/St_Johns
CA2^America/Halifax
CA3^America/Toronto
CA4^America/Winnipeg
CA5^America/Edmonton
CA6^America/Vancouver
CC^Indian/Cocos
CD1^Africa/Kinshasa
CD2^Africa/Lubumbashi
CF^Africa/Bangui
CG^Africa/Brazzaville
CH^Europe/Zurich
CI^Africa/Abidjan
CK^Pacific/Rarotonga
CL1^America/Santiago
CL2^Pacific/Easter
CL3^America/Punta_Arenas
CM^Africa/Douala
CN^Asia/Shanghai
CO^America/Bogota
CR^America/Costa_Rica
CU^America/Havana
CV^Atlantic/Cape_Verde
CW^America/Curacao
CX^Indian/Christmas
CY^Asia/Nicosia
CZ^Europe/Prague
DE^Europe/Berlin
DJ^Africa/Djibouti
DK^Europe/Copenhagen
DM^America/Dominica
DO^America/Santo_Domingo
DZ^Africa/Algiers
EC1^America/Guayaquil
EC2^Pacific/Galapagos
EE^Europe/Tallinn
EG^Africa/Cairo
EH^Africa/Casablanca
ER^Africa/Asmara
ES1^Europe/Madrid
ES2^Atlantic/Canary
ET^Africa/Addis_Ababa
FI^Europe/Helsinki
FJ^Pacific/Fiji
FK^Atlantic/Stanley
FM1^Pacific/Chuuk
FM2^Pacific/Kosrae
FO^Atlantic/Faroe
FR^Europe/Paris
GA^Africa/Libreville
GB^Europe/London
GD^America/Grenada
GE^Asia/Tbilisi
GF^America/Cayenne
GG^Europe/Guernsey
GH^Africa/Accra
GI^Europe/Gibraltar
GL1^America/Godthab
GL2^America/Thule
GL3^America/Scoresbysund
GM^Africa/Banjul
GN^Africa/Conakry
GP^America/Guadeloupe
GQ^Africa/Malabo
GR^Europe/Athens
GT^America/Guatemala
GU^Pacific/Guam
GW^Africa/Bissau
GY^America/Guyana
HK^Asia/Hong_Kong
HN^America/Tegucigalpa
HR^Europe/Zagreb
HT^America/Port-au-Prince
HU^Europe/Budapest
ID1^Asia/Jakarta
ID2^Asia/Makassar
ID3^Asia/Jayapura
IE^Europe/Dublin
IL^Asia/Jerusalem
IM^Europe/Isle_of_Man
IN^Asia/Kolkata
IQ^Asia/Baghdad
IR^Asia/Tehran
IS^Atlantic/Reykjavik
IT^Europe/Rome
JE^Europe/Jersey
JM^America/Jamaica
JO^Asia/Amman
JP^Asia/Tokyo
KE^Africa/Nairobi
KG^Asia/Bishkek
KH^Asia/Phnom_Penh
KI1^Pacific/Tarawa
KI2^Pacific/Kiritimati
KI3^Pacific/Enderbury
KM^Indian/Comoro
KN^America/St_Kitts
KP^Asia/Pyongyang
KR^Asia/Seoul
KW^Asia/Kuwait
KY^America/Cayman
KZ1^Asia/Aqtobe
KZ2^Asia/Almaty
LA^Asia/Vientiane
LB^Asia/Beirut
LC^America/St_Lucia
LI^Europe/Vaduz
LK^Asia/Colombo
LR^Africa/Monrovia
LS^Africa/Maseru
LT^Europe/Vilnius
LU^Europe/Luxembourg
LV^Europe/Riga
LY^Africa/Tripoli
MA^Africa/Casablanca
MC^Europe/Monaco
MD^Europe/Chisinau
ME^Europe/Podgorica
MF^America/Marigot
MG^Indian/Antananarivo
MH^Pacific/Majuro
MK^Europe/Skopje
ML^Africa/Bamako
MM^Asia/Yangon
MN^Asia/Ulaanbaatar
MO^Asia/Macau
MP^Pacific/Saipan
MQ^America/Martinique
MR^Africa/Nouakchott
MS^America/Montserrat
MT^Europe/Malta
MU^Indian/Mauritius
MV^Indian/Maldives
MW^Africa/Blantyre
MX1^America/Mexico_City
MX2^America/Mazatlan
MX3^America/Tijuana
MY^Asia/Kuching
MZ^Africa/Maputo
NA^Africa/Windhoek
NC^Pacific/Noumea
NE^Africa/Niamey
NF^Pacific/Norfolk
NG^Africa/Lagos
NI^America/Managua
NL^Europe/Amsterdam
NO^Europe/Oslo
NP^Asia/Kathmandu
NR^Pacific/Nauru
NU^Pacific/Niue
NZ1^Pacific/Auckland
NZ2^Pacific/Chatham
OM^Asia/Muscat
PA^America/Panama
PE^America/Lima
PF1^Pacific/Marquesas
PF2^Pacific/Tahiti
PF3^Pacific/Gambier
PG1^Pacific/Port_Moresby
PG2^Pacific/Bougainville
PH^Asia/Manila
PK^Asia/Karachi
PL^Europe/Warsaw
PM^America/Miquelon
PR^America/Puerto_Rico
PS^Asia/Hebron
PT1^Europe/Lisbon
PT2^Atlantic/Azores
PW^Pacific/Palau
PY^America/Asuncion
QA^Asia/Qatar
RE^Indian/Reunion
RO^Europe/Bucharest
RS^Europe/Belgrade
RU10^Asia/Magadan
RU1^Asia/Anadyr
RU2^Europe/Moscow
RU3^Europe/Saratov
RU4^Asia/Yekaterinburg
RU5^Asia/Omsk
RU6^Asia/Krasnoyarsk
RU7^Asia/Irkutsk
RU8^Asia/Yakutsk
RU9^Asia/Vladivostok
RW^Africa/Kigali
SA^Asia/Riyadh
SB^Pacific/Guadalcanal
SC^Indian/Mahe
SD^Africa/Khartoum
SE^Europe/Stockholm
SG^Asia/Singapore
SH^Atlantic/St_Helena
SI^Europe/Ljubljana
SJ^Arctic/Longyearbyen
SK^Europe/Bratislava
SL^Africa/Freetown
SM^Europe/San_Marino
SN^Africa/Dakar
SO^Africa/Mogadishu
SR^America/Paramaribo
SS^Africa/Juba
ST^Africa/Sao_Tome
SV^America/El_Salvador
SX^America/Lower_Princes
SY^Asia/Damascus
SZ^Africa/Mbabane
TC^America/Grand_Turk
TD^Africa/Ndjamena
TG^Africa/Lome
TH^Asia/Bangkok
TJ^Asia/Dushanbe
TL^Asia/Dili
TM^Asia/Ashgabat
TN^Africa/Tunis
TO^Pacific/Tongatapu
TR^Europe/Istanbul
TT^America/Port_of_Spain
TV^Pacific/Funafuti
TW^Asia/Taipei
TZ^Africa/Dar_es_Salaam
UA^Europe/Kiev
UG^Africa/Kampala
UM2^Pacific/Midway
UM3^Pacific/Wake
US1^America/New_York
US2^America/Chicago
US3^America/Denver
US4^America/Los_Angeles
US5^America/Anchorage
US6^Pacific/Honolulu
US^America/Chicago
UY^America/Montevideo
UZ^Asia/Samarkand
VC^America/St_Vincent
VE^America/Caracas
VG^America/Tortola
VI^America/St_Thomas
VN^Asia/Ho_Chi_Minh
VU^Pacific/Efate
WF^Pacific/Wallis
WS^Pacific/Apia
XS^America/Los_Angeles
YE^Asia/Aden
YT^Indian/Mayotte
ZA^Africa/Johannesburg
ZM^Africa/Lusaka
ZW^Africa/Harare
ZZ1^Europe/Paris
ZZ2^Asia/Manila
ZZ3^America/Chicago
ZZ4^Asia/Manila
ZZ5^America/Chicago
ZZ^America/Moncton